{
  "project_info": {
    "project_number": "829706883867",
    "project_id": "time-manager-mobile-app",
    "storage_bucket": "time-manager-mobile-app.appspot.com"
  },
  "client": [
    {
      "client_info": {
        "mobilesdk_app_id": "1:829706883867:android:5d116b095b5f2978ecb9be",
        "android_client_info": {
          "package_name": "com.example.time_manager_mobile_app"
        }
      },
      "oauth_client": [
        {
          "client_id": "829706883867-8dte4dlelgbh9614sadv4as2l5jn6j4d.apps.googleusercontent.com",
          "client_type": 3
        }
      ],
      "api_key": [
        {
          "current_key": "AIzaSyBF_jJrToxdsP1r6Yhs_Nr7iWS1T3vcMO4"
        }
      ],
      "services": {
        "appinvite_service": {
          "other_platform_oauth_client": [
            {
              "client_id": "829706883867-8dte4dlelgbh9614sadv4as2l5jn6j4d.apps.googleusercontent.com",
              "client_type": 3
            }
          ]
        }
      }
    }
  ],
  "configuration_version": "1"
}