{
  "project_info": {
    "project_number": "399170479810",
    "project_id": "timernetic-app",
    "storage_bucket": "timernetic-app.appspot.com"
  },
  "client": [
    {
      "client_info": {
        "mobilesdk_app_id": "1:399170479810:android:eacd4f1fa6c73e21d5fd5b",
        "android_client_info": {
          "package_name": "com.example.timernetic_app"
        }
      },
      "oauth_client": [],
      "api_key": [
        {
          "current_key": "AIzaSyC4EiuaU3YpD663uVaw_qQBkt-5eLXptGY"
        }
      ],
      "services": {
        "appinvite_service": {
          "other_platform_oauth_client": []
        }
      }
    }
  ],
  "configuration_version": "1"
}